<?xml version="1.0" encoding="utf-8" ?>
<Defs>

    <ModHelperDef>

        <defName>AllowToolDesignator</defName>

        <ModName>AllowTool</ModName>

        <version>0.12.0</version>

        <Designators>
            <li>
                <designatorClass>AllowTool.Designator_AllowTool</designatorClass>
                <designationCategoryDef>Orders</designationCategoryDef>
                <designatorNextTo>Designator_Open</designatorNextTo>
            </li>
        </Designators>

    </ModHelperDef>

</Defs>
